Symbol,FC ([bdca3/1] vs [bdca3 blood]) ( Oneway ANOVA unequal variance (Welch) p (Corr)  cut-off = 0.05 ),Log FC ([bdca3/1] vs [bdca3 blood]) ( Oneway ANOVA unequal variance (Welch) p (Corr)  cut-off = 0.05 ),FC (abs) ([bdca3/1] vs [bdca3 blood]) ( Oneway ANOVA unequal variance (Welch) p (Corr)  cut-off = 0.05 ),Regulation ([bdca3/1] vs [bdca3 blood]) ( Oneway ANOVA unequal variance (Welch) p (Corr)  cut-off = 0.05 ),FC ([cd141=bdca3] vs [bdca3 blood]) ( Oneway ANOVA unequal variance (Welch) p (Corr)  cut-off = 0.05 ),Log FC ([cd141=bdca3] vs [bdca3 blood]) ( Oneway ANOVA unequal variance (Welch) p (Corr)  cut-off = 0.05 ),FC (abs) ([cd141=bdca3] vs [bdca3 blood]) ( Oneway ANOVA unequal variance (Welch) p (Corr)  cut-off = 0.05 ),Regulation ([cd141=bdca3] vs [bdca3 blood]) ( Oneway ANOVA unequal variance (Welch) p (Corr)  cut-off = 0.05 ),FC ([cd1c=bdca1] vs [bdca3 blood]) ( Oneway ANOVA unequal variance (Welch) p (Corr)  cut-off = 0.05 ),Log FC ([cd1c=bdca1] vs [bdca3 blood]) ( Oneway ANOVA unequal variance (Welch) p (Corr)  cut-off = 0.05 ),FC (abs) ([cd1c=bdca1] vs [bdca3 blood]) ( Oneway ANOVA unequal variance (Welch) p (Corr)  cut-off = 0.05 ),Regulation ([cd1c=bdca1] vs [bdca3 blood]) ( Oneway ANOVA unequal variance (Welch) p (Corr)  cut-off = 0.05 ),FC ([CD11B+ LN] vs [LN CD8+]) ( Oneway ANOVA unequal variance (Welch) p (Corr)  cut-off = 0.05 (Translated from Gene-level experiment of cDC vs CD8+) ),Log FC ([CD11B+ LN] vs [LN CD8+]) ( Oneway ANOVA unequal variance (Welch) p (Corr)  cut-off = 0.05 (Translated from Gene-level experiment of cDC vs CD8+) ),FC (abs) ([CD11B+ LN] vs [LN CD8+]) ( Oneway ANOVA unequal variance (Welch) p (Corr)  cut-off = 0.05 (Translated from Gene-level experiment of cDC vs CD8+) ),FC ([CD11B- LN] vs [LN CD8+]) ( Oneway ANOVA unequal variance (Welch) p (Corr)  cut-off = 0.05 (Translated from Gene-level experiment of cDC vs CD8+) ),Log FC ([CD11B- LN] vs [LN CD8+]) ( Oneway ANOVA unequal variance (Welch) p (Corr)  cut-off = 0.05 (Translated from Gene-level experiment of cDC vs CD8+) ),FC (abs) ([CD11B- LN] vs [LN CD8+]) ( Oneway ANOVA unequal variance (Welch) p (Corr)  cut-off = 0.05 (Translated from Gene-level experiment of cDC vs CD8+) ),FC ([LN CD103+] vs [LN CD8+]) ( Oneway ANOVA unequal variance (Welch) p (Corr)  cut-off = 0.05 (Translated from Gene-level experiment of cDC vs CD8+) ),Log FC ([LN CD103+] vs [LN CD8+]) ( Oneway ANOVA unequal variance (Welch) p (Corr)  cut-off = 0.05 (Translated from Gene-level experiment of cDC vs CD8+) ),FC (abs) ([LN CD103+] vs [LN CD8+]) ( Oneway ANOVA unequal variance (Welch) p (Corr)  cut-off = 0.05 (Translated from Gene-level experiment of cDC vs CD8+) ),Definition,Entrez_Gene_ID
ABCE1,-5.7166505,-2.51517,5.7166505,down,-2.7045774,-1.4354032,2.7045774,down,-4.659218,-2.2200878,4.659218,down,-3.8837733,-1.957459,3.8837733,-3.5529397,-1.8290132,3.5529397,-3.55831,-1.8311923,3.55831,"Homo sapiens ATP-binding cassette, sub-family E (OABP), member 1 (ABCE1), transcript variant 2, mRNA.",6059
ACSS1,-6.110403,-2.6112676,6.110403,down,-6.9438043,-2.7957263,6.9438043,down,-8.456,-3.0799754,8.456,down,-6.1812563,-2.6279001,6.1812563,-6.4532804,-2.6900327,6.4532804,-7.042578,-2.8161037,7.042578,"Homo sapiens acyl-CoA synthetase short-chain family member 1 (ACSS1), nuclear gene encoding mitochondrial protein, mRNA.",84532
ADD3,-3.6294744,-1.8597606,3.6294744,down,-3.2718992,-1.7101283,3.2718992,down,-4.4068174,-2.1397371,4.4068174,down,-2.426968,-1.2791551,2.426968,-2.2128913,-1.1459327,2.2128913,-2.203782,-1.1399816,2.203782,"Homo sapiens adducin 3 (gamma) (ADD3), transcript variant 2, mRNA.///Homo sapiens adducin 3 (gamma) (ADD3), transcript variant 1, mRNA.///Homo sapiens adducin 3 (gamma) (ADD3), transcript variant 3, mRNA.",120
AHCY,-4.4391,-2.1502671,4.4391,down,-2.029146,-1.0208726,2.029146,down,-3.6868606,-1.8823929,3.6868606,down,-2.0035007,-1.002523,2.0035007,-2.106777,-1.0750376,2.106777,-2.1847332,-1.127457,2.1847332,"Homo sapiens S-adenosylhomocysteine hydrolase (AHCY), mRNA.",191
ALG8,-2.7397275,-1.4540324,2.7397275,down,-2.9037185,-1.5379016,2.9037185,down,-2.9905405,-1.5804063,2.9905405,down,-2.1393647,-1.0971824,2.1393647,-2.1828585,-1.1262186,2.1828585,-2.1727269,-1.1195068,2.1727269,"Homo sapiens asparagine-linked glycosylation 8, alpha-1,3-glucosyltransferase homolog (S. cerevisiae) (ALG8), transcript variant 2, mRNA.///Homo sapiens asparagine-linked glycosylation 8, alpha-1,3-glucosyltransferase homolog (S. cerevisiae) (ALG8), transcript variant 1, mRNA.",79053
AMICA1,-4.765402,-2.2525978,4.765402,down,-3.6200194,-1.8559974,3.6200194,down,-3.4315236,-1.7788492,3.4315236,down,-4.477533,-2.162704,4.477533,-4.0257306,-2.0092506,4.0257306,-3.233895,-1.6932728,3.233895,"Homo sapiens adhesion molecule, interacts with CXADR antigen 1 (AMICA1), mRNA.",120425
ANXA4,-3.2904196,-1.7182716,3.2904196,down,-3.2206163,-1.6873368,3.2206163,down,-3.623408,-1.8573472,3.623408,down,5.39584,2.4318476,5.39584,4.8053374,2.2646377,4.8053374,5.33018,2.4141843,5.33018,"Homo sapiens annexin A4 (ANXA4), mRNA.",307
AP3M2,-10.146903,-3.3429675,10.146903,down,-7.4823465,-2.9034908,7.4823465,down,-9.228209,-3.2060506,9.228209,down,2.5297732,1.3390081,2.5297732,2.4154649,1.2723008,2.4154649,2.9129562,1.542484,2.9129562,"Homo sapiens adaptor-related protein complex 3, mu 2 subunit (AP3M2), mRNA.",10947
ARHGAP15,-6.247895,-2.6433702,6.247895,down,-5.6809497,-2.5061321,5.6809497,down,-7.249982,-2.8579774,7.249982,down,-3.950406,-1.982001,3.950406,-3.9712389,-1.9895891,3.9712389,-3.3789058,-1.7565562,3.3789058,"Homo sapiens Rho GTPase activating protein 15 (ARHGAP15), mRNA.",55843
ARHGAP4,-3.9139955,-1.9686421,3.9139955,down,-4.389143,-2.1339393,4.389143,down,-3.8368602,-1.9399261,3.8368602,down,-2.7527504,-1.4608738,2.7527504,-3.052075,-1.6097903,3.052075,-2.6136124,-1.3860452,2.6136124,"Homo sapiens Rho GTPase activating protein 4 (ARHGAP4), mRNA.",393
ARL5A,-3.8149867,-1.931678,3.8149867,down,-3.7748842,-1.9164324,3.7748842,down,-5.02915,-2.3303146,5.02915,down,5.195193,2.3771772,5.195193,3.7671037,1.9134557,3.7671037,3.0574465,1.6123272,3.0574465,"Homo sapiens ADP-ribosylation factor-like 5A (ARL5A), transcript variant 1, mRNA.///Homo sapiens ADP-ribosylation factor-like 5A (ARL5A), transcript variant 3, mRNA.",26225
ASB2,-4.2972455,-2.1034122,4.2972455,down,-4.2305946,-2.0808604,4.2305946,down,-4.6350164,-2.2125745,4.6350164,down,-6.177432,-2.6270072,6.177432,-5.9021053,-2.5612297,5.9021053,-4.3228188,-2.1119723,4.3228188,"Homo sapiens ankyrin repeat and SOCS box-containing 2 (ASB2), mRNA.",51676
ATP6V0A2,-3.7270765,-1.8980445,3.7270765,down,-2.3006382,-1.2020341,2.3006382,down,-4.0658827,-2.0235686,4.0658827,down,-2.3189163,-1.2134508,2.3189163,-2.4507246,-1.2932084,2.4507246,-2.2543268,-1.1726967,2.2543268,"Homo sapiens ATPase, H+ transporting, lysosomal V0 subunit a2 (ATP6V0A2), mRNA.",23545
BATF3,-10.796228,-3.4324555,10.796228,down,-3.4006739,-1.7658206,3.4006739,down,-5.809646,-2.5384502,5.809646,down,3.455167,1.7887554,3.455167,3.0072458,1.5884428,3.0072458,2.5252776,1.336442,2.5252776,"Homo sapiens basic leucine zipper transcription factor, ATF-like 3 (BATF3), mRNA.",55509
BCCIP,-2.158268,-1.109874,2.158268,down,-2.0321312,-1.0229936,2.0321312,down,-2.074655,-1.0528715,2.074655,down,-2.1033216,-1.0726694,2.1033216,-2.277026,-1.1871507,2.277026,-2.587996,-1.3718354,2.587996,"Homo sapiens BRCA2 and CDKN1A interacting protein (BCCIP), transcript variant B, mRNA.///Homo sapiens BRCA2 and CDKN1A interacting protein (BCCIP), transcript variant A, mRNA.///Homo sapiens BRCA2 and CDKN1A interacting protein (BCCIP), transcript variant C, mRNA.",56647
BTK,-5.1241736,-2.3573194,5.1241736,down,-6.0202274,-2.589818,6.0202274,down,-5.1162815,-2.3550956,5.1162815,down,-2.5036657,-1.324042,2.5036657,-2.9264913,-1.5491719,2.9264913,-2.5520568,-1.3516604,2.5520568,"Homo sapiens Bruton agammaglobulinemia tyrosine kinase (BTK), mRNA.",695
C14orf106,-7.3800974,-2.8836398,7.3800974,down,-6.98631,-2.8045306,6.98631,down,-6.8313875,-2.7721786,6.8313875,down,-2.3831267,-1.2528557,2.3831267,-2.23076,-1.1575353,2.23076,-2.0556827,-1.0396175,2.0556827,"Homo sapiens chromosome 14 open reading frame 106 (C14orf106), mRNA.",55320
C17orf87,-3.4321318,-1.779105,3.4321318,down,-3.4204724,-1.7741956,3.4204724,down,-3.8267207,-1.9361086,3.8267207,down,-3.2348077,-1.6936799,3.2348077,-3.6743197,-1.8774772,3.6743197,-3.3242412,-1.7330251,3.3242412,"Homo sapiens chromosome 17 open reading frame 87 (C17orf87), mRNA.",388325
CASP2,-3.6378672,-1.8630929,3.6378672,down,-6.9919267,-2.80569,6.9919267,down,-5.757918,-2.5255473,5.757918,down,-7.3215265,-2.8721445,7.3215265,-5.1774817,-2.3722506,5.1774817,-7.075418,-2.8228154,7.075418,"Homo sapiens caspase 2, apoptosis-related cysteine peptidase (CASP2), transcript variant 1, mRNA.///Homo sapiens caspase 2, apoptosis-related cysteine peptidase (CASP2), transcript variant 3, mRNA.",835
CCDC86,-5.58423,-2.4813583,5.58423,down,-4.3139415,-2.1090066,4.3139415,down,-4.8703566,-2.2840273,4.8703566,down,-4.842478,-2.2757454,4.842478,-3.6875248,-1.8826528,3.6875248,-2.010095,-1.0072635,2.010095,"Homo sapiens coiled-coil domain containing 86 (CCDC86), mRNA.",79080
CCDC88A,-2.3163583,-1.2118585,2.3163583,down,-3.454478,-1.7884678,3.454478,down,-2.7941356,-1.482402,2.7941356,down,2.858307,1.5151608,2.858307,2.0759702,1.0537857,2.0759702,2.072418,1.051315,2.072418,"Homo sapiens coiled-coil domain containing 88A (CCDC88A), mRNA.",55704
CD48,-32.853264,-5.037965,32.853264,down,-8.453759,-3.079593,8.453759,down,-25.587042,-4.6773415,25.587042,down,-2.0262425,-1.0188068,2.0262425,-2.2198782,-1.1504805,2.2198782,-2.7385004,-1.4533861,2.7385004,"Homo sapiens CD48 molecule (CD48), mRNA.",962
CLEC9A,-4.3205905,-2.1112285,4.3205905,down,-3.4540465,-1.7882875,3.4540465,down,-4.6554933,-2.218934,4.6554933,down,-12.205225,-3.609427,12.205225,-8.487437,-3.085329,8.487437,-2.7934508,-1.4820484,2.7934508,"Homo sapiens C-type lectin domain family 9, member A (CLEC9A), mRNA.",283420
COQ2,-4.9654665,-2.3119292,4.9654665,down,-13.405613,-3.7447653,13.405613,down,-8.249353,-3.044281,8.249353,down,-3.8891866,-1.9594685,3.8891866,-3.4260898,-1.7765629,3.4260898,-3.1607244,-1.6602552,3.1607244,"Homo sapiens coenzyme Q2 homolog, prenyltransferase (yeast) (COQ2), mRNA.",27235
CSK,-3.097071,-1.6309044,3.097071,down,-2.5207646,-1.3338614,2.5207646,down,-3.158645,-1.6593058,3.158645,down,-3.0175436,-1.5933746,3.0175436,-2.712728,-1.4397445,2.712728,-2.84645,-1.5091639,2.84645,"Homo sapiens c-src tyrosine kinase (CSK), mRNA.",1445
DCTPP1,-7.882239,-2.9786055,7.882239,down,-8.027015,-3.0048635,8.027015,down,-6.4329143,-2.6854725,6.4329143,down,-4.616721,-2.2068686,4.616721,-3.4702957,-1.7950586,3.4702957,-4.51249,-2.1739237,4.51249,"Homo sapiens dCTP pyrophosphatase 1 (DCTPP1), mRNA.",79077
DDOST,-2.6197183,-1.3894117,2.6197183,down,-2.254655,-1.1729066,2.254655,down,-2.051662,-1.036793,2.051662,down,-2.4322832,-1.2823112,2.4322832,-2.2680619,-1.18146,2.2680619,-2.604398,-1.38095,2.604398,"Homo sapiens dolichyl-diphosphooligosaccharide-protein glycosyltransferase (DDOST), mRNA.",1650
DNAJA3,-3.0431964,-1.6055875,3.0431964,down,-3.2233136,-1.6885445,3.2233136,down,-3.091088,-1.6281147,3.091088,down,-2.1253457,-1.0876975,2.1253457,-2.3205385,-1.2144597,2.3205385,-2.3330777,-1.2222344,2.3330777,"Homo sapiens DnaJ (Hsp40) homolog, subfamily A, member 3 (DNAJA3), mRNA.",9093
ESYT1,-2.7958887,-1.4833069,2.7958887,down,-2.8862514,-1.529197,2.8862514,down,-2.9032526,-1.5376701,2.9032526,down,-2.002566,-1.0018499,2.002566,-2.3860629,-1.2546321,2.3860629,-2.67705,-1.4206442,2.67705,"Homo sapiens extended synaptotagmin-like protein 1 (ESYT1), mRNA.",23344
EVL,-17.60447,-4.13787,17.60447,down,-15.196685,-3.9256847,15.196685,down,-20.492271,-4.357008,20.492271,down,-3.393264,-1.7626737,3.393264,-3.8704584,-1.9525044,3.8704584,-2.3327134,-1.2220091,2.3327134,"Homo sapiens Enah/Vasp-like (EVL), mRNA.",51466
FAH,-3.2866032,-1.7165973,3.2866032,down,-2.775579,-1.4727887,2.775579,down,-3.0888286,-1.6270598,3.0888286,down,5.2114453,2.3816836,5.2114453,3.37809,1.7562077,3.37809,4.1304555,2.046301,4.1304555,"Homo sapiens fumarylacetoacetate hydrolase (fumarylacetoacetase) (FAH), mRNA.",2184
FAM102A,-3.7237146,-1.8967425,3.7237146,down,-2.3376284,-1.2250456,2.3376284,down,-3.6932197,-1.8848791,3.6932197,down,-4.6067953,-2.2037635,4.6067953,-2.8626356,-1.517344,2.8626356,-2.2118232,-1.145236,2.2118232,"Homo sapiens family with sequence similarity 102, member A (FAM102A), transcript variant 1, mRNA.",399665
FGD2,-8.757683,-3.1305492,8.757683,down,-3.3640165,-1.7501848,3.3640165,down,-7.697661,-2.94442,7.697661,down,-3.8303123,-1.937462,3.8303123,-4.1428537,-2.0506248,4.1428537,-2.8713777,-1.521743,2.8713777,"Homo sapiens FYVE, RhoGEF and PH domain containing 2 (FGD2), mRNA.",221472
FLJ22662,-11.890455,-3.571732,11.890455,down,-5.495955,-2.4583702,5.495955,down,-10.8421135,-3.438574,10.8421135,down,-6.1233563,-2.6143227,6.1233563,-4.73235,-2.2425568,4.73235,-4.0108933,-2.0039237,4.0108933,"Homo sapiens hypothetical protein FLJ22662 (FLJ22662), mRNA.",79887
GAR1///NOLA1,-4.311244,-2.1081042,4.311244,down,-2.8338246,-1.5027505,2.8338246,down,-3.2799911,-1.713692,3.2799911,down,-5.0315304,-2.3309972,5.0315304,-3.9376733,-1.9773434,3.9376733,-3.7704885,-1.9147514,3.7704885,"Homo sapiens GAR1 ribonucleoprotein homolog (yeast) (GAR1), transcript variant 1, mRNA.///Homo sapiens GAR1 ribonucleoprotein homolog (yeast) (GAR1), transcript variant 2, mRNA.///Homo sapiens nucleolar protein family A, member 1 (H/ACA small nucleolar RNPs) (NOLA1), transcript variant 2, mRNA.",54433
GMFG,-8.830304,-3.1424632,8.830304,down,-9.321649,-3.220585,9.321649,down,-8.868422,-3.1486773,8.868422,down,-2.959526,-1.5653661,2.959526,-2.3906202,-1.257385,2.3906202,-3.7259407,-1.8976047,3.7259407,"Homo sapiens glia maturation factor, gamma (GMFG), mRNA.",9535
GNG2,-2.0099428,-1.0071545,2.0099428,down,-2.2365108,-1.1612496,2.2365108,down,-2.0105827,-1.0076137,2.0105827,down,-5.0632696,-2.3400693,5.0632696,-4.910094,-2.2957506,4.910094,-3.7320588,-1.8999717,3.7320588,"Homo sapiens guanine nucleotide binding protein (G protein), gamma 2 (GNG2), mRNA.",54331
GYG1,-4.2421284,-2.0847883,4.2421284,down,-3.648262,-1.8672093,3.648262,down,-5.0273685,-2.3298035,5.0273685,down,4.945687,2.306171,4.945687,5.2877474,2.4026532,5.2877474,5.429855,2.4409137,5.429855,"Homo sapiens glycogenin 1 (GYG1), mRNA.",2992
GYPC,-4.4945307,-2.1681705,4.4945307,down,-3.0945158,-1.6297137,3.0945158,down,-4.505699,-2.171751,4.505699,down,3.5660756,1.8343372,3.5660756,3.3859725,1.7595702,3.3859725,3.2976115,1.7214215,3.2976115,"PREDICTED: Homo sapiens glycophorin C (Gerbich blood group) (GYPC), mRNA.///Homo sapiens glycophorin C (Gerbich blood group) (GYPC), transcript variant 2, mRNA.",2995
HADH2///HSD17B10,-4.0966682,-2.034451,4.0966682,down,-3.605138,-1.8500545,3.605138,down,-2.93836,-1.5550112,2.93836,down,-2.4711666,-1.3051924,2.4711666,-2.2641711,-1.178983,2.2641711,-2.430237,-1.281097,2.430237,"Homo sapiens hydroxyacyl-Coenzyme A dehydrogenase, type II (HADH2), transcript variant 1, mRNA.///Homo sapiens hydroxysteroid (17-beta) dehydrogenase 10 (HSD17B10), nuclear gene encoding mitochondrial protein, transcript variant 1, mRNA.",3028
HEATR1,-3.1847377,-1.6711745,3.1847377,down,-2.0035923,-1.002589,2.0035923,down,-2.4800587,-1.3103743,2.4800587,down,-2.3361084,-1.2241073,2.3361084,-2.1909928,-1.1315848,2.1909928,-2.2627604,-1.1780839,2.2627604,"Homo sapiens HEAT repeat containing 1 (HEATR1), mRNA.",55127
HHEX,-4.4385567,-2.1500907,4.4385567,down,-4.3100095,-2.107691,4.3100095,down,-5.6748157,-2.5045736,5.6748157,down,-3.1233943,-1.6431147,3.1233943,-2.6905093,-1.4278793,2.6905093,-3.5348356,-1.8216431,3.5348356,"Homo sapiens hematopoietically expressed homeobox (HHEX), mRNA.",3087
HLA-DMB,-4.8865094,-2.2888043,4.8865094,down,-5.313314,-2.409612,5.313314,down,-5.7042522,-2.5120378,5.7042522,down,-4.426593,-2.1461966,4.426593,-3.028782,-1.5987377,3.028782,-5.280921,-2.4007895,5.280921,"Homo sapiens major histocompatibility complex, class II, DM beta (HLA-DMB), mRNA.",3109
HVCN1,-2.042008,-1.0299885,2.042008,down,-2.0974538,-1.068639,2.0974538,down,-2.2285955,-1.1561348,2.2285955,down,3.2189677,1.6865981,3.2189677,3.4765234,1.7976453,3.4765234,2.7958636,1.483294,2.7958636,"Homo sapiens hydrogen voltage-gated channel 1 (HVCN1), transcript variant 2, mRNA.///Homo sapiens hydrogen voltage-gated channel 1 (HVCN1), transcript variant 1, mRNA.",84329
IL16,-5.4254637,-2.4397464,5.4254637,down,-4.8875957,-2.289125,4.8875957,down,-5.3609476,-2.422488,5.3609476,down,-4.8704433,-2.284053,4.8704433,-4.2075043,-2.0729647,4.2075043,-4.469101,-2.1599846,4.469101,"Homo sapiens interleukin 16 (lymphocyte chemoattractant factor) (IL16), transcript variant 2, mRNA.",3603
INPP5D,-24.690369,-4.6258764,24.690369,down,-11.084458,-3.4704664,11.084458,down,-23.378408,-4.547105,23.378408,down,-3.4483407,-1.7859023,3.4483407,-3.0375872,-1.6029258,3.0375872,-2.6931076,-1.4292718,2.6931076,"Homo sapiens inositol polyphosphate-5-phosphatase, 145kDa (INPP5D), transcript variant 2, mRNA.",3635
IRF8,-44.426647,-5.4733534,44.426647,down,-6.7548614,-2.7559261,6.7548614,down,-31.947815,-4.9976454,31.947815,down,-5.8324294,-2.544097,5.8324294,-4.300428,-2.1044803,4.300428,-2.2380772,-1.1622598,2.2380772,"Homo sapiens interferon regulatory factor 8 (IRF8), mRNA.",3394
ITFG2,-5.62348,-2.4914632,5.62348,down,-5.7032003,-2.5117717,5.7032003,down,-4.1215777,-2.0431967,4.1215777,down,-2.6781433,-1.4212332,2.6781433,-2.3323233,-1.2217678,2.3323233,-2.3313596,-1.2211716,2.3313596,"Homo sapiens integrin alpha FG-GAP repeat containing 2 (ITFG2), mRNA.",55846
ITGB7,-21.616358,-4.4340515,21.616358,down,-17.87839,-4.160145,17.87839,down,-26.389025,-4.721866,26.389025,down,-5.6048627,-2.486679,5.6048627,-4.0326223,-2.0117183,4.0326223,-6.9155717,-2.7898486,6.9155717,"Homo sapiens integrin, beta 7 (ITGB7), mRNA.",3695
KCNK6,-2.8609092,-1.5164738,2.8609092,down,-3.3025057,-1.723561,3.3025057,down,-3.8254678,-1.9356362,3.8254678,down,3.1230705,1.6429651,3.1230705,3.3111434,1.7273295,3.3111434,2.984342,1.577413,2.984342,"Homo sapiens potassium channel, subfamily K, member 6 (KCNK6), mRNA.",9424
LRRK2,-2.390859,-1.257529,2.390859,down,-2.0603516,-1.0428905,2.0603516,down,-2.2703757,-1.1829311,2.2703757,down,-5.471485,-2.4519324,5.471485,-3.6252265,-1.8580711,3.6252265,-3.0991116,-1.6318547,3.0991116,"Homo sapiens leucine-rich repeat kinase 2 (LRRK2), mRNA.",120892
LTV1,-6.8468323,-2.7754366,6.8468323,down,-5.678798,-2.5055857,5.678798,down,-6.4072323,-2.6797013,6.4072323,down,-2.9462228,-1.5588665,2.9462228,-3.2991114,-1.7220775,3.2991114,-3.272002,-1.7101736,3.272002,"Homo sapiens LTV1 homolog (S. cerevisiae) (LTV1), mRNA.",84946
MAP3K4,-4.1336336,-2.0474105,4.1336336,down,-3.875806,-1.9544964,3.875806,down,-4.1302257,-2.0462205,4.1302257,down,-4.1876717,-2.0661483,4.1876717,-4.6110263,-2.205088,4.6110263,-3.912873,-1.9682283,3.912873,"Homo sapiens mitogen-activated protein kinase kinase kinase 4 (MAP3K4), transcript variant 1, mRNA.",4216
MARCH1,-3.0894709,-1.6273597,3.0894709,down,-2.7800093,-1.4750897,2.7800093,down,-3.3491144,-1.7437797,3.3491144,down,-6.4486804,-2.689004,6.4486804,-7.148772,-2.8376954,7.148772,-5.406707,-2.43475,5.406707,"Homo sapiens membrane-associated ring finger (C3HC4) 1 (MARCH1), mRNA.",55016
MBNL1,-2.5774398,-1.3659387,2.5774398,down,-3.3884194,-1.7606125,3.3884194,down,-2.7655854,-1.4675848,2.7655854,down,-2.0718162,-1.050896,2.0718162,-2.5699859,-1.3617604,2.5699859,-2.8146977,-1.49298,2.8146977,"Homo sapiens muscleblind-like (Drosophila) (MBNL1), transcript variant 5, mRNA.///Homo sapiens muscleblind-like (Drosophila) (MBNL1), transcript variant 6, mRNA.///Homo sapiens muscleblind-like (Drosophila) (MBNL1), transcript variant 3, mRNA.",4154
MFNG,-6.6940646,-2.7428825,6.6940646,down,-8.910846,-3.1555624,8.910846,down,-8.6481495,-3.1123915,8.6481495,down,-2.9590976,-1.5651573,2.9590976,-2.8603783,-1.5162059,2.8603783,-3.2509487,-1.7008607,3.2509487,"Homo sapiens MFNG O-fucosylpeptide 3-beta-N-acetylglucosaminyltransferase (MFNG), mRNA.",4242
MIF4GD,-6.0406547,-2.5947049,6.0406547,down,-4.5733495,-2.1932511,4.5733495,down,-5.3829265,-2.4283907,5.3829265,down,2.431803,1.2820263,2.431803,2.3104744,1.2081891,2.3104744,2.9675803,1.5692871,2.9675803,"Homo sapiens MIF4G domain containing (MIF4GD), mRNA.",57409
MLEC,-3.5124874,-1.8124931,3.5124874,down,-2.688349,-1.4267204,2.688349,down,-2.7513506,-1.46014,2.7513506,down,-3.3694808,-1.7525263,3.3694808,-3.056883,-1.6120614,3.056883,-3.1028943,-1.6336145,3.1028943,"Homo sapiens malectin (MLEC), mRNA.",9761
MYCBP2,-2.9284458,-1.5501353,2.9284458,down,-2.5031796,-1.3237618,2.5031796,down,-3.8680284,-1.9515984,3.8680284,down,3.9735887,1.9904425,3.9735887,2.5590584,1.3556131,2.5590584,2.1750445,1.121045,2.1750445,"Homo sapiens MYC binding protein 2 (MYCBP2), mRNA.",23077
MYO1F,-2.9421108,-1.5568516,2.9421108,down,-4.8145547,-2.2674024,4.8145547,down,-3.8941603,-1.9613123,3.8941603,down,-6.2546988,-2.6449404,6.2546988,-6.93861,-2.7946467,6.93861,-4.9836187,-2.3171937,4.9836187,"Homo sapiens myosin IF (MYO1F), mRNA.",4542
NAAA,-4.694962,-2.2311134,4.694962,down,-3.2281365,-1.6907016,3.2281365,down,-4.514501,-2.1745665,4.514501,down,-21.511457,-4.4270334,21.511457,-13.093494,-3.7107782,13.093494,-5.5245943,-2.4658685,5.5245943,"Homo sapiens N-acylethanolamine acid amidase (NAAA), transcript variant 1, mRNA.",27163
NDUFB2,-4.7858267,-2.258768,4.7858267,down,-5.191775,-2.3762279,5.191775,down,-4.0950637,-2.033886,4.0950637,down,-3.3969848,-1.7642548,3.3969848,-2.115372,-1.0809114,2.115372,-2.3630497,-1.2406499,2.3630497,"Homo sapiens NADH dehydrogenase (ubiquinone) 1 beta subcomplex, 2, 8kDa (NDUFB2), nuclear gene encoding mitochondrial protein, mRNA.",4708
NME1,-6.0511084,-2.5971994,6.0511084,down,-3.642859,-1.8650712,3.642859,down,-5.092521,-2.34838,5.092521,down,-2.7879019,-1.4791797,2.7879019,-2.3060296,-1.2054111,2.3060296,-3.058144,-1.6126564,3.058144,"Homo sapiens non-metastatic cells 1, protein (NM23A) expressed in (NME1), transcript variant 2, mRNA.///Homo sapiens non-metastatic cells 1, protein (NM23A) expressed in (NME1), transcript variant 1, mRNA.",4830
NMRAL1,-3.4880934,-1.8024386,3.4880934,down,-6.0241365,-2.5907545,6.0241365,down,-4.324753,-2.1126177,4.324753,down,-2.3297524,-1.2201767,2.3297524,-2.3816352,-1.2519524,2.3816352,-2.4921935,-1.3174161,2.4921935,"Homo sapiens NmrA-like family domain containing 1 (NMRAL1), mRNA.",57407
NOL6,-5.336809,-2.4159775,5.336809,down,-3.8358052,-1.9395294,3.8358052,down,-3.4015002,-1.7661712,3.4015002,down,-2.907861,-1.5399584,2.907861,-2.808298,-1.4896961,2.808298,-3.3973804,-1.7644228,3.3973804,"Homo sapiens nucleolar protein family 6 (RNA-associated) (NOL6), transcript variant gamma, mRNA.///Homo sapiens nucleolar protein family 6 (RNA-associated) (NOL6), transcript variant alpha, mRNA.",65083
NSMAF,-6.665823,-2.736783,6.665823,down,-5.042984,-2.3342776,5.042984,down,-8.318388,-3.056304,8.318388,down,-2.2873125,-1.1936535,2.2873125,-2.8571594,-1.5145816,2.8571594,-2.3849864,-1.253981,2.3849864,"Homo sapiens neutral sphingomyelinase (N-SMase) activation associated factor (NSMAF), mRNA.",8439
P2RY14,-3.1094146,-1.6366429,3.1094146,down,-2.8561032,-1.5140481,2.8561032,down,-3.1112838,-1.63751,3.1112838,down,-5.534788,-2.468528,5.534788,-5.0666394,-2.3410292,5.0666394,-4.021269,-2.0076509,4.021269,"Homo sapiens purinergic receptor P2Y, G-protein coupled, 14 (P2RY14), transcript variant 2, mRNA.",9934
P2RY6,-2.9099789,-1.5410087,2.9099789,down,-2.813437,-1.4923337,2.813437,down,-3.0629153,-1.6149055,3.0629153,down,-5.081551,-2.345269,5.081551,-7.6782346,-2.9407747,7.6782346,-4.640226,-2.214195,4.640226,"Homo sapiens pyrimidinergic receptor P2Y, G-protein coupled, 6 (P2RY6), transcript variant 2, mRNA.///Homo sapiens pyrimidinergic receptor P2Y, G-protein coupled, 6 (P2RY6), transcript variant 3, mRNA.///Homo sapiens pyrimidinergic receptor P2Y, G-protein coupled, 6 (P2RY6), transcript variant 4, mRNA.",5031
PAK1,-3.2673383,-1.7081158,3.2673383,down,-2.423736,-1.2772326,2.423736,down,-3.0380993,-1.603169,3.0380993,down,-3.3220077,-1.7320554,3.3220077,-3.0212967,-1.5951679,3.0212967,-2.002768,-1.0019953,2.002768,"Homo sapiens p21/Cdc42/Rac1-activated kinase 1 (STE20 homolog, yeast) (PAK1), mRNA.",5058
PARVG,-14.603816,-3.8682735,14.603816,down,-14.304465,-3.8383937,14.304465,down,-14.825562,-3.890015,14.825562,down,-6.0968647,-2.6080675,6.0968647,-3.0463288,-1.6070716,3.0463288,-3.6278358,-1.8591092,3.6278358,"Homo sapiens parvin, gamma (PARVG), mRNA.",64098
PDCD2L,-4.806797,-2.265076,4.806797,down,-4.661454,-2.2207801,4.661454,down,-4.8775353,-2.2861524,4.8775353,down,-2.6050744,-1.3813245,2.6050744,-2.6443489,-1.4029125,2.6443489,-2.4889154,-1.3155172,2.4889154,"Homo sapiens programmed cell death 2-like (PDCD2L), mRNA.",84306
PLCB2,-15.7223425,-3.9747443,15.7223425,down,-15.098901,-3.9163716,15.098901,down,-14.775514,-3.8851364,14.775514,down,-7.1301665,-2.8339357,7.1301665,-4.6134768,-2.2058544,4.6134768,-4.133702,-2.0474343,4.133702,"Homo sapiens phospholipase C, beta 2 (PLCB2), mRNA.",5330
PLCG2,-3.682597,-1.8807235,3.682597,down,-3.7849731,-1.9202831,3.7849731,down,-3.9060009,-1.9656923,3.9060009,down,-2.307615,-1.2064025,2.307615,-2.1818845,-1.1255748,2.1818845,-2.0885887,-1.0625284,2.0885887,"Homo sapiens phospholipase C, gamma 2 (phosphatidylinositol-specific) (PLCG2), mRNA.",5336
PMVK,-3.665306,-1.8739337,3.665306,down,-2.831225,-1.5014263,2.831225,down,-4.2102947,-2.0739212,4.2102947,down,2.3328772,1.2221104,2.3328772,2.0781708,1.0553142,2.0781708,2.122368,1.0856749,2.122368,"Homo sapiens phosphomevalonate kinase (PMVK), mRNA.",10654
PNPO,-3.9454012,-1.980172,3.9454012,down,-5.7897196,-2.5334935,5.7897196,down,-5.573591,-2.4786072,5.573591,down,-2.1129792,-1.0792786,2.1129792,-2.0777752,-1.0550396,2.0777752,-2.1455367,-1.1013385,2.1455367,"Homo sapiens pyridoxamine 5'-phosphate oxidase (PNPO), mRNA.",55163
POLR1E,-4.313124,-2.1087332,4.313124,down,-2.146332,-1.1018733,2.146332,down,-3.4452617,-1.7846136,3.4452617,down,-3.7760708,-1.9168859,3.7760708,-3.7239194,-1.8968219,3.7239194,-3.4095745,-1.7695917,3.4095745,"Homo sapiens polymerase (RNA) I polypeptide E, 53kDa (POLR1E), mRNA.",64425
PPT1,-6.3544793,-2.667774,6.3544793,down,-3.0523417,-1.6099164,3.0523417,down,-6.0265293,-2.5913274,6.0265293,down,-7.694631,-2.9438522,7.694631,-4.054015,-2.0193515,4.054015,-2.0307183,-1.0219902,2.0307183,"Homo sapiens palmitoyl-protein thioesterase 1 (ceroid-lipofuscinosis, neuronal 1, infantile) (PPT1), mRNA.",5538
PRMT3,-2.103067,-1.0724947,2.103067,down,-2.5590985,-1.3556356,2.5590985,down,-2.5508432,-1.3509742,2.5508432,down,-3.6101968,-1.8520775,3.6101968,-3.7177808,-1.8944417,3.7177808,-3.320505,-1.7314026,3.320505,"Homo sapiens protein arginine methyltransferase 3 (PRMT3), mRNA.",10196
PRPF19,-4.606848,-2.20378,4.606848,down,-3.211248,-1.6831341,3.211248,down,-3.8578858,-1.9478104,3.8578858,down,-5.824457,-2.5421236,5.824457,-4.0391293,-2.0140443,4.0391293,-3.300474,-1.7226732,3.300474,"Homo sapiens PRP19/PSO4 pre-mRNA processing factor 19 homolog (S. cerevisiae) (PRPF19), mRNA.",27339
PSTPIP1,-2.2560022,-1.1737685,2.2560022,down,-2.6501276,-1.4060619,2.6501276,down,-4.0362835,-2.0130274,4.0362835,down,-2.645632,-1.4036124,2.645632,-3.2581635,-1.704059,3.2581635,-2.1499093,-1.1042757,2.1499093,"Homo sapiens proline-serine-threonine phosphatase interacting protein 1 (PSTPIP1), mRNA.",9051
RAB32,-5.7067423,-2.5126674,5.7067423,down,-3.5624454,-1.8328679,3.5624454,down,-5.751496,-2.5239372,5.751496,down,-2.1822355,-1.1258068,2.1822355,-2.5024624,-1.3233484,2.5024624,-2.0345051,-1.0246779,2.0345051,"Homo sapiens RAB32, member RAS oncogene family (RAB32), mRNA.",10981
RGS18,-11.650137,-3.542275,11.650137,down,-8.692167,-3.119716,8.692167,down,-12.341284,-3.6254206,12.341284,down,-3.1993778,-1.6777914,3.1993778,-2.710734,-1.4386835,2.710734,-3.7981412,-1.9252936,3.7981412,"Homo sapiens regulator of G-protein signaling 18 (RGS18), mRNA.",64407
RPIA,-5.762854,-2.5267835,5.762854,down,-3.9627945,-1.9865181,3.9627945,down,-7.1157937,-2.8310246,7.1157937,down,-2.3226068,-1.215745,2.3226068,-2.2022736,-1.1389937,2.2022736,-2.125316,-1.0876774,2.125316,"Homo sapiens ribose 5-phosphate isomerase A (RPIA), mRNA.",22934
RRP15,-5.189939,-2.3757176,5.189939,down,-5.264833,-2.3963878,5.264833,down,-5.2115607,-2.3817155,5.2115607,down,-2.5640833,-1.3584431,2.5640833,-2.1252198,-1.0876122,2.1252198,-2.614159,-1.3863469,2.614159,"Homo sapiens ribosomal RNA processing 15 homolog (S. cerevisiae) (RRP15), mRNA.",51018
RRS1,-4.9510827,-2.307744,4.9510827,down,-3.784994,-1.920291,3.784994,down,-4.1949105,-2.06864,4.1949105,down,-2.457016,-1.2969072,2.457016,-2.0347693,-1.0248652,2.0347693,-2.3365803,-1.2243986,2.3365803,"Homo sapiens RRS1 ribosome biogenesis regulator homolog (S. cerevisiae) (RRS1), mRNA.",23212
SELL,-35.90867,-5.1662602,35.90867,down,-16.028578,-4.0025744,16.028578,down,-38.077866,-5.2508807,38.077866,down,-5.0747848,-2.3433466,5.0747848,-3.1580968,-1.6590554,3.1580968,-4.1281886,-2.0455089,4.1281886,"Homo sapiens selectin L (SELL), mRNA.",6402
SEPT3,-10.5447035,-3.3984466,10.5447035,down,-9.964269,-3.3167639,9.964269,down,-11.086911,-3.4707856,11.086911,down,-3.5891898,-1.8436582,3.5891898,-3.4049933,-1.7676519,3.4049933,-2.8585346,-1.5152757,2.8585346,"Homo sapiens septin 3 (SEPT3), transcript variant B, mRNA.",55964
SFRS6,-2.6056128,-1.3816227,2.6056128,down,-3.1064906,-1.6352857,3.1064906,down,-2.7183955,-1.4427553,2.7183955,down,-2.4733508,-1.3064668,2.4733508,-2.5325062,-1.3405658,2.5325062,-2.824173,-1.4978285,2.824173,"Homo sapiens splicing factor, arginine/serine-rich 6 (SFRS6), mRNA.",6431
SNX22,-2.9334414,-1.5525942,2.9334414,down,-2.133277,-1.0930712,2.133277,down,-2.4794428,-1.3100159,2.4794428,down,-8.6710615,-3.1162086,8.6710615,-6.8491488,-2.7759247,6.8491488,-3.8269632,-1.9362,3.8269632,"Homo sapiens sorting nexin 22 (SNX22), mRNA.",79856
ST3GAL5,-2.7753022,-1.4726448,2.7753022,down,2.4425774,1.2884042,2.4425774,up,-2.931927,-1.5518491,2.931927,down,-8.151623,-3.0270872,8.151623,-4.8930993,-2.2907486,4.8930993,-2.407238,-1.2673788,2.407238,"Homo sapiens ST3 beta-galactoside alpha-2,3-sialyltransferase 5 (ST3GAL5), transcript variant 2, mRNA.",8869
SUPT4H1,-2.4455876,-1.2901812,2.4455876,down,-2.1187296,-1.0831995,2.1187296,down,-2.2923546,-1.1968303,2.2923546,down,2.8853276,1.5287352,2.8853276,3.1536467,1.657021,3.1536467,3.015975,1.5926244,3.015975,"Homo sapiens suppressor of Ty 4 homolog 1 (S. cerevisiae) (SUPT4H1), mRNA.",6827
TAPBPL,-3.8383088,-1.9404708,3.8383088,down,-3.4662948,-1.7933943,3.4662948,down,-4.1194324,-2.0424457,4.1194324,down,2.2654417,1.1797924,2.2654417,2.216426,1.1482351,2.216426,3.0173213,1.5932684,3.0173213,"Homo sapiens TAP binding protein-like (TAPBPL), mRNA.",55080
TBXAS1,-2.9585376,-1.5648842,2.9585376,down,-3.272755,-1.7105056,3.272755,down,-3.013212,-1.5913022,3.013212,down,-3.8390086,-1.9407338,3.8390086,-4.650459,-2.2173731,4.650459,-3.5011272,-1.8078195,3.5011272,"Homo sapiens thromboxane A synthase 1 (platelet, cytochrome P450, family 5, subfamily A) (TBXAS1), transcript variant TXS-I, mRNA.",6916
TGFBI,-2.999098,-1.5845287,2.999098,down,-4.2161627,-2.0759306,4.2161627,down,-2.462909,-1.3003633,2.462909,down,-7.380525,-2.8837235,7.380525,-11.388691,-3.50953,11.388691,-5.0641155,-2.3403103,5.0641155,"Homo sapiens transforming growth factor, beta-induced, 68kDa (TGFBI), mRNA.",7045
THYN1,-2.160981,-1.1116863,2.160981,down,-2.241212,-1.1642791,2.241212,down,-2.0918913,-1.0648079,2.0918913,down,-2.618706,-1.388854,2.618706,-2.5795853,-1.3671391,2.5795853,-3.511923,-1.8122612,3.511923,"Homo sapiens thymocyte nuclear protein 1 (THYN1), transcript variant 3, mRNA.///Homo sapiens thymocyte nuclear protein 1 (THYN1), transcript variant 1, mRNA.///Homo sapiens thymocyte nuclear protein 1 (THYN1), transcript variant 2, mRNA.",29087
TNFAIP8L2,-2.854261,-1.5131172,2.854261,down,-3.2522767,-1.70145,3.2522767,down,-2.6328561,-1.3966287,2.6328561,down,-2.3974147,-1.2614795,2.3974147,-2.5167527,-1.3315635,2.5167527,-2.2314587,-1.1579871,2.2314587,"Homo sapiens tumor necrosis factor, alpha-induced protein 8-like 2 (TNFAIP8L2), mRNA.",79626
TRIT1,-8.392554,-3.06911,8.392554,down,-7.3637686,-2.8804443,7.3637686,down,-7.6582894,-2.9370222,7.6582894,down,-3.4650662,-1.7928829,3.4650662,-3.7236772,-1.896728,3.7236772,-2.8289127,-1.5002477,2.8289127,"Homo sapiens tRNA isopentenyltransferase 1 (TRIT1), mRNA.",54802
UBE2L6,-3.1312313,-1.6467301,3.1312313,down,-3.9877918,-1.9955901,3.9877918,down,-3.4525433,-1.7876595,3.4525433,down,5.734911,2.519771,5.734911,5.186287,2.374702,5.186287,4.9761095,2.3150182,4.9761095,"Homo sapiens ubiquitin-conjugating enzyme E2L 6 (UBE2L6), transcript variant 2, mRNA.///Homo sapiens ubiquitin-conjugating enzyme E2L 6 (UBE2L6), transcript variant 1, mRNA.",9246
UNG,-2.9457204,-1.5586206,2.9457204,down,-3.4018452,-1.7663175,3.4018452,down,-2.8077047,-1.4893912,2.8077047,down,-4.084246,-2.0300698,4.084246,-2.159234,-1.1105196,2.159234,-2.624437,-1.3920081,2.624437,"Homo sapiens uracil-DNA glycosylase (UNG), transcript variant 2, mRNA.///Homo sapiens uracil-DNA glycosylase (UNG), nuclear gene encoding mitochondrial protein, transcript variant 1, mRNA.",7374
VAMP8,-6.64882,-2.7330983,6.64882,down,-8.194621,-3.0346773,8.194621,down,-6.6590757,-2.735322,6.6590757,down,2.9753518,1.5730603,2.9753518,2.558293,1.3551816,2.558293,2.4582064,1.2976061,2.4582064,"Homo sapiens vesicle-associated membrane protein 8 (endobrevin) (VAMP8), mRNA.",8673
WAS,-4.578163,-2.194769,4.578163,down,-9.236469,-3.2073414,9.236469,down,-6.3010645,-2.6555955,6.3010645,down,-3.571259,-1.8364328,3.571259,-3.3824542,-1.7580703,3.3824542,-4.8357315,-2.273734,4.8357315,"Homo sapiens Wiskott-Aldrich syndrome (eczema-thrombocytopenia) (WAS), mRNA.",7454
WDR75,-4.0529385,-2.0189683,4.0529385,down,-2.9601758,-1.5656829,2.9601758,down,-3.3422043,-1.7407999,3.3422043,down,-3.2809346,-1.7141068,3.2809346,-3.538431,-1.8231097,3.538431,-3.1365483,-1.6491778,3.1365483,"Homo sapiens WD repeat domain 75 (WDR75), mRNA.",84128
WDR77,-4.80415,-2.2642813,4.80415,down,-4.033074,-2.01188,4.033074,down,-4.5286036,-2.1790662,4.5286036,down,-2.6673722,-1.4154192,2.6673722,-2.066741,-1.0473577,2.066741,-2.2873256,-1.1936617,2.2873256,"Homo sapiens WD repeat domain 77 (WDR77), mRNA.",79084
ADCY6,5.095475,2.3492167,5.095475,up,2.0056148,1.0040445,2.0056148,up,5.691844,2.508896,5.691844,up,11.172205,3.481842,11.172205,10.57059,3.401984,10.57059,11.352857,3.5049834,11.352857,"Homo sapiens adenylate cyclase 6 (ADCY6), transcript variant 2, mRNA.",112
AGRN,2.6252677,1.3924645,2.6252677,up,3.615015,1.8540016,3.615015,up,2.8454015,1.5086323,2.8454015,up,3.92284,1.9718986,3.92284,2.8821063,1.5271236,2.8821063,3.2255187,1.6895312,3.2255187,"Homo sapiens agrin (AGRN), mRNA.",375790
ALOX5AP,68.23737,6.09249,68.23737,up,27.367363,4.7743845,27.367363,up,66.10586,6.046706,66.10586,up,-10.347474,-3.3712068,10.347474,-7.565648,-2.9194636,7.565648,-7.231254,-2.854246,7.231254,"Homo sapiens arachidonate 5-lipoxygenase-activating protein (ALOX5AP), mRNA.",241
ANXA6,2.8048987,1.4879487,2.8048987,up,5.033378,2.331527,5.033378,up,3.0557106,1.6115079,3.0557106,up,-5.0943327,-2.3488932,5.0943327,-3.8834534,-1.9573401,3.8834534,-4.4414334,-2.1510253,4.4414334,"Homo sapiens annexin A6 (ANXA6), transcript variant 2, mRNA.///Homo sapiens annexin A6 (ANXA6), transcript variant 1, mRNA.",309
ARL4C,4.4038534,2.1387665,4.4038534,up,2.6935198,1.4294927,2.6935198,up,3.1775422,1.6679113,3.1775422,up,5.756058,2.5250812,5.756058,4.4261193,2.1460423,4.4261193,3.9881892,1.9957339,3.9881892,"Homo sapiens ADP-ribosylation factor-like 4C (ARL4C), mRNA.",10123
ARRB2,2.2883363,1.1942991,2.2883363,up,2.2185225,1.1495992,2.2185225,up,2.5391903,1.3443686,2.5391903,up,3.8849342,1.9578902,3.8849342,2.877679,1.5249057,2.877679,2.72307,1.4452341,2.72307,"Homo sapiens arrestin, beta 2 (ARRB2), transcript variant 2, mRNA.",409
ATF5,14.252939,3.8331876,14.252939,up,12.67876,3.6643417,12.67876,up,11.757348,3.5554907,11.757348,up,4.415466,2.1425657,4.415466,5.0233026,2.3286362,5.0233026,4.286296,2.0997314,4.286296,"Homo sapiens activating transcription factor 5 (ATF5), mRNA.",22809
ATL3,2.7785997,1.4743581,2.7785997,up,5.447032,2.4454703,5.447032,up,3.369797,1.7526617,3.369797,up,2.579832,1.3672771,2.579832,2.8063345,1.4886869,2.8063345,2.509657,1.3274901,2.509657,"Homo sapiens atlastin GTPase 3 (ATL3), mRNA.",25923
ATXN1,5.938762,2.5701623,5.938762,up,4.1912484,2.06738,4.1912484,up,4.9106507,2.2959142,4.9106507,up,8.124911,3.022352,8.124911,10.656813,3.4137042,10.656813,14.332728,3.8412414,14.332728,"Homo sapiens ataxin 1 (ATXN1), mRNA.",6310
AVPI1,7.041554,2.815894,7.041554,up,4.8699827,2.2839167,4.8699827,up,6.092566,2.60705,6.092566,up,2.6414855,1.4013494,2.6414855,2.720385,1.4438109,2.720385,2.0701032,1.0497026,2.0701032,"Homo sapiens arginine vasopressin-induced 1 (AVPI1), mRNA.",60370
BCL2A1,2.4210331,1.2756228,2.4210331,up,5.2539434,2.3934007,5.2539434,up,2.3125546,1.2094874,2.3125546,up,4.487669,2.1659663,4.487669,3.9614332,1.9860225,3.9614332,3.0507212,1.6091503,3.0507212,"Homo sapiens BCL2-related protein A1 (BCL2A1), mRNA.",597
BCL2L1,2.4175282,1.2735327,2.4175282,up,7.8723936,2.9768023,7.8723936,up,3.1320837,1.6471227,3.1320837,up,2.17676,1.1221823,2.17676,2.090932,1.064146,2.090932,2.6564195,1.409483,2.6564195,"Homo sapiens BCL2-like 1 (BCL2L1), nuclear gene encoding mitochondrial protein, transcript variant 1, mRNA.",598
BHLHB2,11.032562,3.463696,11.032562,up,8.99281,3.168772,8.99281,up,11.442944,3.5163863,11.442944,up,6.690538,2.7421222,6.690538,6.6097174,2.7245886,6.6097174,5.3254285,2.4128976,5.3254285,"Homo sapiens basic helix-loop-helix domain containing, class B, 2 (BHLHB2), mRNA.",8553
BIRC2,3.5944786,1.8457825,3.5944786,up,3.4697628,1.794837,3.4697628,up,3.2403686,1.6961579,3.2403686,up,5.29049,2.4034014,5.29049,4.2868752,2.0999265,4.2868752,4.3598056,2.1242638,4.3598056,"Homo sapiens baculoviral IAP repeat-containing 2 (BIRC2), mRNA.",329
BIRC3,26.642784,4.735673,26.642784,up,22.661629,4.5021796,22.661629,up,23.405779,4.548793,23.405779,up,2.8008273,1.485853,2.8008273,2.649864,1.4059182,2.649864,2.556202,1.3540018,2.556202,"Homo sapiens baculoviral IAP repeat-containing 3 (BIRC3), transcript variant 2, mRNA.///Homo sapiens baculoviral IAP repeat-containing 3 (BIRC3), transcript variant 1, mRNA.",330
C6orf106,4.0308485,2.0110836,4.0308485,up,3.73296,1.90032,3.73296,up,5.391984,2.4308162,5.391984,up,2.9255617,1.5487137,2.9255617,2.9560385,1.563665,2.9560385,3.0076048,1.5886151,3.0076048,"Homo sapiens chromosome 6 open reading frame 106 (C6orf106), transcript variant 1, mRNA.",64771
C6orf85///SLC22A23,7.598032,2.9256258,7.598032,up,10.834426,3.4375508,10.834426,up,5.8206925,2.5411909,5.8206925,up,4.534204,2.1808493,4.534204,4.4217253,2.1446095,4.4217253,3.7804544,1.9185597,3.7804544,"Homo sapiens chromosome 6 open reading frame 85 (C6orf85), mRNA.///Homo sapiens solute carrier family 22, member 23 (SLC22A23), transcript variant 1, mRNA.",63027
CACNB3,37.983505,5.247301,37.983505,up,4.1490455,2.0527794,4.1490455,up,27.629442,4.7881346,27.629442,up,9.507768,3.2491066,9.507768,10.019781,3.324779,10.019781,9.652093,3.2708418,9.652093,"Homo sapiens calcium channel, voltage-dependent, beta 3 subunit (CACNB3), mRNA.",784
CASP3,3.1931665,1.6749878,3.1931665,up,4.35571,2.1229079,4.35571,up,2.7751415,1.4725614,2.7751415,up,3.6552584,1.8699734,3.6552584,2.8481941,1.5100474,2.8481941,3.0553374,1.6113317,3.0553374,"Homo sapiens caspase 3, apoptosis-related cysteine peptidase (CASP3), transcript variant beta, mRNA.///Homo sapiens caspase 3, apoptosis-related cysteine peptidase (CASP3), transcript variant alpha, mRNA.",836
CCND2,7.91559,2.9846969,7.91559,up,6.272827,2.6491158,6.272827,up,12.956074,3.6955566,12.956074,up,10.130064,3.3405714,10.130064,6.757838,2.7565618,6.757838,4.564462,2.190445,4.564462,"Homo sapiens cyclin D2 (CCND2), mRNA.",894
CCR7,570.1415,9.155176,570.1415,up,585.97894,9.194705,585.97894,up,547.13635,9.095757,547.13635,up,21.54159,4.429053,21.54159,21.807623,4.4467607,21.807623,22.189945,4.471834,22.189945,"Homo sapiens chemokine (C-C motif) receptor 7 (CCR7), mRNA.",1236
CD274,5.715963,2.5149965,5.715963,up,13.046856,3.7056303,13.046856,up,7.8789115,2.9779963,7.8789115,up,9.823494,3.2962363,9.823494,9.208129,3.202908,9.208129,7.435507,2.894431,7.435507,"Homo sapiens CD274 molecule (CD274), mRNA.",29126
CD40,3.1210344,1.6420243,3.1210344,up,5.549263,2.4722962,5.549263,up,3.6603985,1.8720007,3.6603985,up,3.0806532,1.6232363,3.0806532,2.6229374,1.3911834,2.6229374,3.0384738,1.6033468,3.0384738,"Homo sapiens CD40 molecule, TNF receptor superfamily member 5 (CD40), transcript variant 2, mRNA.///Homo sapiens CD40 molecule, TNF receptor superfamily member 5 (CD40), transcript variant 1, mRNA.",958
CD63,6.9481583,2.7966306,6.9481583,up,5.4752874,2.4529347,5.4752874,up,5.3714676,2.4253163,5.3714676,up,10.532018,3.39671,10.532018,9.984586,3.3197026,9.984586,12.056739,3.5917678,12.056739,"Homo sapiens CD63 molecule (CD63), transcript variant 2, mRNA.",967
CDKN1A,211.99062,7.7278566,211.99062,up,158.06558,7.3043795,158.06558,up,190.13432,7.570875,190.13432,up,7.641324,2.9338226,7.641324,6.1502733,2.6206505,6.1502733,4.7329054,2.242726,4.7329054,"Homo sapiens cyclin-dependent kinase inhibitor 1A (p21, Cip1) (CDKN1A), transcript variant 2, mRNA.///Homo sapiens cyclin-dependent kinase inhibitor 1A (p21, Cip1) (CDKN1A), transcript variant 1, mRNA.",1026
CFB,29.311773,4.8734083,29.311773,up,74.41498,6.217521,74.41498,up,25.050568,4.6467714,25.050568,up,4.632491,2.2117882,4.632491,2.1351922,1.094366,2.1351922,3.1805334,1.6692687,3.1805334,"Homo sapiens complement factor B (CFB), mRNA.",629
CKB,9.186616,3.1995335,9.186616,up,11.787399,3.5591736,11.787399,up,15.2469425,3.930448,15.2469425,up,-7.442802,-2.895846,7.442802,-5.9069943,-2.5624242,5.9069943,-4.5469646,-2.1849039,4.5469646,"Homo sapiens creatine kinase, brain (CKB), mRNA.",1152
CSTB,3.069684,1.6180902,3.069684,up,2.432835,1.2826385,2.432835,up,3.019643,1.594378,3.019643,up,4.08162,2.029142,4.08162,2.9790664,1.5748602,2.9790664,3.1274016,1.6449645,3.1274016,"Homo sapiens cystatin B (stefin B) (CSTB), mRNA.",1476
CXCL16,4.5751033,2.1938043,4.5751033,up,4.76148,2.25141,4.76148,up,4.1383824,2.049067,4.1383824,up,3.3685477,1.7521267,3.3685477,2.8400164,1.5058992,2.8400164,2.8907108,1.5314243,2.8907108,"Homo sapiens chemokine (C-X-C motif) ligand 16 (CXCL16), mRNA.",58191
CXCL2,27.50489,4.781616,27.50489,up,3.8936784,1.9611337,3.8936784,up,13.832506,3.7899907,13.832506,up,38.38244,5.2623744,38.38244,24.604147,4.6208296,24.604147,9.624119,3.2666545,9.624119,"Homo sapiens chemokine (C-X-C motif) ligand 2 (CXCL2), mRNA.",2920
CYB5A,2.7923672,1.4814887,2.7923672,up,6.807786,2.7671857,6.807786,up,4.0318265,2.0114336,4.0318265,up,-2.1218307,-1.0853096,2.1218307,-2.0483575,-1.0344675,2.0483575,-2.4776418,-1.3089676,2.4776418,"Homo sapiens cytochrome b5 type A (microsomal) (CYB5A), transcript variant 2, mRNA.",1528
CYTH1///PSCD1,4.961248,2.310703,4.961248,up,7.1520305,2.838353,7.1520305,up,4.983083,2.3170385,4.983083,up,2.1729739,1.1196709,2.1729739,2.011423,1.0082166,2.011423,2.0924108,1.0651661,2.0924108,"Homo sapiens cytohesin 1 (CYTH1), transcript variant 2, mRNA.///Homo sapiens pleckstrin homology, Sec7 and coiled-coil domains 1(cytohesin 1) (PSCD1), transcript variant 2, mRNA.",9267
DNAJB2,3.584982,1.8419658,3.584982,up,2.7342937,1.4511682,2.7342937,up,3.7192323,1.8950049,3.7192323,up,2.5533826,1.3524097,2.5533826,2.872131,1.5221215,2.872131,3.7881377,1.9214888,3.7881377,"Homo sapiens DnaJ (Hsp40) homolog, subfamily B, member 2 (DNAJB2), transcript variant 2, mRNA.",3300
DRAM1,5.1930785,2.37659,5.1930785,up,4.2886987,2.10054,4.2886987,up,4.7500505,2.247943,4.7500505,up,5.1285906,2.3585625,5.1285906,2.5374136,1.3433586,2.5374136,2.4907858,1.3166009,2.4907858,"Homo sapiens DNA-damage regulated autophagy modulator 1 (DRAM1), mRNA.",55332
EMD,2.9674194,1.5692089,2.9674194,up,3.966663,1.9879258,3.966663,up,3.3506505,1.7444413,3.3506505,up,2.2688162,1.1819397,2.2688162,2.269501,1.1823751,2.269501,2.500475,1.3222021,2.500475,"Homo sapiens emerin (Emery-Dreifuss muscular dystrophy) (EMD), mRNA.",2010
ENO2,34.95942,5.1276093,34.95942,up,16.032185,4.002899,16.032185,up,43.428032,5.4405546,43.428032,up,15.562888,3.960038,15.562888,16.417166,4.037133,16.417166,17.799051,4.1537285,17.799051,"Homo sapiens enolase 2 (gamma, neuronal) (ENO2), mRNA.",2026
ENO3,4.0209327,2.0075302,4.0209327,up,5.572387,2.4782956,5.572387,up,5.170983,2.3704386,5.170983,up,10.884771,3.4442391,10.884771,13.008213,3.701351,13.008213,10.093615,3.335371,10.093615,"Homo sapiens enolase 3 (beta, muscle) (ENO3), transcript variant 1, mRNA.",2027
ERRFI1,14.52898,3.8608615,14.52898,up,51.115593,5.6756916,51.115593,up,12.918486,3.691365,12.918486,up,-2.618629,-1.3888117,2.618629,-2.2312512,-1.157853,2.2312512,-2.7346778,-1.4513708,2.7346778,"Homo sapiens ERBB receptor feedback inhibitor 1 (ERRFI1), mRNA.",54206
ETS2,38.709064,5.2745996,38.709064,up,13.519293,3.7569478,13.519293,up,31.097504,4.958727,31.097504,up,5.6943502,2.5095313,5.6943502,6.072376,2.602261,6.072376,2.114299,1.0801795,2.114299,"Homo sapiens v-ets erythroblastosis virus E26 oncogene homolog 2 (avian) (ETS2), mRNA.",2114
FAM49A,16.389874,4.034733,16.389874,up,24.032797,4.5869327,24.032797,up,17.229473,4.1068068,17.229473,up,7.418672,2.891161,7.418672,6.1371737,2.6175745,6.1371737,5.365724,2.4237728,5.365724,"Homo sapiens family with sequence similarity 49, member A (FAM49A), mRNA.",81553
FAS,2.886897,1.5295197,2.886897,up,4.834929,2.2734947,4.834929,up,3.6761513,1.8781961,3.6761513,up,4.825994,2.270826,4.825994,4.0945253,2.0336962,4.0945253,4.156159,2.055251,4.156159,"Homo sapiens Fas (TNF receptor superfamily, member 6) (FAS), transcript variant 3, mRNA.///Homo sapiens Fas (TNF receptor superfamily, member 6) (FAS), transcript variant 7, mRNA.",355
FKBP4,4.371025,2.1279716,4.371025,up,5.2536154,2.3933105,5.2536154,up,4.950341,2.307528,4.950341,up,-3.2357664,-1.6941074,3.2357664,-2.9084659,-1.5402584,2.9084659,-3.7903666,-1.9223374,3.7903666,"Homo sapiens FK506 binding protein 4, 59kDa (FKBP4), mRNA.",2288
FSCN1,22.268751,4.4769487,22.268751,up,37.54979,5.230733,37.54979,up,22.02248,4.460905,22.02248,up,14.891084,3.8963768,14.891084,14.985256,3.9054718,14.985256,9.074366,3.1817968,9.074366,"Homo sapiens fascin homolog 1, actin-bundling protein (Strongylocentrotus purpuratus) (FSCN1), mRNA.",6624
GADD45B,29.696314,4.892212,29.696314,up,25.37576,4.665379,25.37576,up,34.787663,5.120504,34.787663,up,8.301563,3.053383,8.301563,8.299561,3.053035,8.299561,7.4245753,2.8923085,7.4245753,"Homo sapiens growth arrest and DNA-damage-inducible, beta (GADD45B), mRNA.",4616
GNA15,2.7836664,1.4769863,2.7836664,up,3.4232416,1.7753631,3.4232416,up,2.4540582,1.2951695,2.4540582,up,-3.8658729,-1.9507942,3.8658729,-3.803553,-1.9273478,3.803553,-3.0246794,-1.5967822,3.0246794,"Homo sapiens guanine nucleotide binding protein (G protein), alpha 15 (Gq class) (GNA15), mRNA.",2769
GPR132,10.866196,3.441775,10.866196,up,14.5202,3.8599894,14.5202,up,11.69815,3.5482085,11.69815,up,2.861488,1.5167656,2.861488,2.465665,1.3019768,2.465665,2.6184134,1.3886929,2.6184134,"Homo sapiens G protein-coupled receptor 132 (GPR132), mRNA.",29933
GPR137B,43.70112,5.4495983,43.70112,up,41.641525,5.379951,41.641525,up,40.984432,5.357004,40.984432,up,2.4903426,1.3163443,2.4903426,2.2739213,1.1851823,2.2739213,2.4380581,1.2857325,2.4380581,"Homo sapiens G protein-coupled receptor 137B (GPR137B), mRNA.",7107
GPX4,4.5103884,2.1732516,4.5103884,up,4.8761387,2.2857392,4.8761387,up,5.6260076,2.4921114,5.6260076,up,2.2174957,1.1489313,2.2174957,2.8260083,1.4987657,2.8260083,2.2341201,1.1597068,2.2341201,"Homo sapiens glutathione peroxidase 4 (phospholipid hydroperoxidase) (GPX4), transcript variant 2, mRNA.",2879
HLX,8.136645,3.024434,8.136645,up,4.0379725,2.013631,4.0379725,up,6.3018174,2.655768,6.3018174,up,2.975262,1.5730166,2.975262,3.6039762,1.8495895,3.6039762,2.3724983,1.246407,2.3724983,"Homo sapiens H2.0-like homeobox (HLX), mRNA.",3142
ICAM1,4.334733,2.1159432,4.334733,up,5.1941032,2.3768747,5.1941032,up,4.3227425,2.1119468,4.3227425,up,2.78597,1.4781797,2.78597,2.6656933,1.4145108,2.6656933,2.76495,1.4672534,2.76495,"Homo sapiens intercellular adhesion molecule 1 (CD54), human rhinovirus receptor (ICAM1), mRNA.",3383
IFI27,4.3575883,2.12353,4.3575883,up,3.5689828,1.835513,3.5689828,up,2.4051664,1.2661368,2.4051664,up,2.9441135,1.5578333,2.9441135,2.7155273,1.4412323,2.7155273,2.4038672,1.2653573,2.4038672,"Homo sapiens interferon, alpha-inducible protein 27 (IFI27), transcript variant 2, mRNA.",3429
IFI30,13.771126,3.7835746,13.771126,up,12.87192,3.6861553,12.87192,up,11.822961,3.5635195,11.822961,up,2.5143793,1.3302023,2.5143793,2.5065422,1.3256985,2.5065422,2.2124977,1.1456759,2.2124977,"Homo sapiens interferon, gamma-inducible protein 30 (IFI30), mRNA.",10437
IGSF3,12.576964,3.6527119,12.576964,up,32.671993,5.0299826,32.671993,up,11.78031,3.5583055,11.78031,up,7.0981383,2.8274407,7.0981383,10.83072,3.4370573,10.83072,3.0595531,1.613321,3.0595531,"Homo sapiens immunoglobulin superfamily, member 3 (IGSF3), transcript variant 1, mRNA.",3321
IL15,5.023115,2.3285823,5.023115,up,5.1024256,2.3511832,5.1024256,up,4.907472,2.29498,4.907472,up,3.9438052,1.9795883,3.9438052,2.7659178,1.4677583,2.7659178,4.112448,2.0399976,4.112448,"Homo sapiens interleukin 15 (IL15), transcript variant 3, mRNA.///Homo sapiens interleukin 15 (IL15), transcript variant 1, mRNA.///Homo sapiens interleukin 15 (IL15), transcript variant 2, mRNA.",3600
IL4I1,50.898792,5.6695595,50.898792,up,30.27851,4.9202223,30.27851,up,35.35925,5.144016,35.35925,up,32.131886,5.005934,32.131886,33.523026,5.0670805,33.523026,28.130718,4.8140745,28.130718,"Homo sapiens interleukin 4 induced 1 (IL4I1), transcript variant 2, mRNA.",259307
IL4R,8.719275,3.1242082,8.719275,up,7.5473194,2.9159644,7.5473194,up,8.729138,3.1258392,8.729138,up,2.921853,1.5468836,2.921853,3.1773136,1.6678075,3.1773136,3.9030066,1.9645859,3.9030066,"Homo sapiens interleukin 4 receptor (IL4R), transcript variant 2, mRNA.///Homo sapiens interleukin 4 receptor (IL4R), transcript variant 1, mRNA.",3566
IL7R,48.269516,5.5930405,48.269516,up,21.887539,4.452038,21.887539,up,36.105034,5.174128,36.105034,up,7.811177,2.96554,7.811177,8.479368,3.0839567,8.479368,6.0635514,2.600163,6.0635514,"Homo sapiens interleukin 7 receptor (IL7R), mRNA.///PREDICTED: Homo sapiens interleukin 7 receptor (IL7R), mRNA.",3575
INSM1,18.047672,4.173741,18.047672,up,13.670685,3.7730136,13.670685,up,17.387285,4.119961,17.387285,up,11.19394,3.484646,11.19394,13.544451,3.75963,13.544451,10.041492,3.3279018,10.041492,"Homo sapiens insulinoma-associated 1 (INSM1), mRNA.",3642
IRF1,5.7038846,2.5119448,5.7038846,up,10.260089,3.3589714,10.260089,up,6.8556046,2.777284,6.8556046,up,3.0733438,1.6198092,3.0733438,2.7601037,1.4647225,2.7601037,4.0666823,2.0238523,4.0666823,"Homo sapiens interferon regulatory factor 1 (IRF1), mRNA.",3659
ISCU,3.0066671,1.5881652,3.0066671,up,2.4668462,1.3026677,2.4668462,up,4.292202,2.101718,4.292202,up,3.386381,1.7597443,3.386381,3.2385914,1.6953665,3.2385914,3.3731022,1.754076,3.3731022,"Homo sapiens iron-sulfur cluster scaffold homolog (E. coli) (ISCU), nuclear gene encoding mitochondrial protein, transcript variant 2, mRNA.///Homo sapiens iron-sulfur cluster scaffold homolog (E. coli) (ISCU), nuclear gene encoding mitochondrial protein, transcript variant 1, mRNA.",23479
KIAA0922,3.9472785,1.9808583,3.9472785,up,2.5580275,1.3550317,2.5580275,up,5.365973,2.4238398,5.365973,up,3.1831546,1.6704572,3.1831546,3.201298,1.6786569,3.201298,3.0409548,1.6045244,3.0409548,"Homo sapiens KIAA0922 (KIAA0922), mRNA.",23240
KIF1B,3.592025,1.8447974,3.592025,up,3.6932924,1.8849075,3.6932924,up,3.541904,1.8245251,3.541904,up,2.5370874,1.3431733,2.5370874,2.8219755,1.4967054,2.8219755,2.1925912,1.1326369,2.1925912,"Homo sapiens kinesin family member 1B (KIF1B), transcript variant 1, mRNA.///Homo sapiens kinesin family member 1B (KIF1B), transcript variant 2, mRNA.",23095
KMO,7.576732,2.9215758,7.576732,up,2.4739792,1.3068334,2.4739792,up,8.046882,3.0084298,8.046882,up,-6.017188,-2.5890894,6.017188,-4.2215853,-2.0777848,4.2215853,-5.963621,-2.5761886,5.963621,"Homo sapiens kynurenine 3-monooxygenase (kynurenine 3-hydroxylase) (KMO), mRNA.",8564
KTELC1,8.538926,3.0940547,8.538926,up,6.5763283,2.7172823,6.5763283,up,7.2531266,2.858603,7.2531266,up,4.152766,2.0540726,4.152766,4.305439,2.1061604,4.305439,4.51702,2.1753714,4.51702,"Homo sapiens KTEL (Lys-Tyr-Glu-Leu) containing 1 (KTELC1), mRNA.",56983
LAD1,35.635445,5.155241,35.635445,up,49.070015,5.61677,49.070015,up,30.668037,4.938664,30.668037,up,3.7760966,1.9168956,3.7760966,5.0184007,2.3272276,5.0184007,4.6771126,2.2256181,4.6771126,"Homo sapiens ladinin 1 (LAD1), mRNA.///PREDICTED: Homo sapiens ladinin 1, transcript variant 5 (LAD1), mRNA.///PREDICTED: Homo sapiens ladinin 1, transcript variant 4 (LAD1), mRNA.///PREDICTED: Homo sapiens ladinin 1, transcript variant 3 (LAD1), mRNA.",3898
LAMP1,16.867048,4.0761356,16.867048,up,3.6225781,1.8570168,3.6225781,up,11.594524,3.5353718,11.594524,up,10.750901,3.4263856,10.750901,10.955578,3.4535937,10.955578,8.418853,3.0736237,8.418853,"Homo sapiens lysosomal-associated membrane protein 1 (LAMP1), mRNA.",3916
LASS6,7.031063,2.8137429,7.031063,up,6.9793572,2.8030941,6.9793572,up,6.640528,2.731298,6.640528,up,4.2319055,2.0813074,4.2319055,3.2363813,1.6943816,3.2363813,2.8121877,1.4916929,2.8121877,"Homo sapiens LAG1 homolog, ceramide synthase 6 (LASS6), mRNA.",253782
LDHA,2.8301368,1.5008718,2.8301368,up,2.509401,1.3273431,2.509401,up,2.92899,1.5504032,2.92899,up,-2.904343,-1.5382118,2.904343,-2.6122007,-1.3852658,2.6122007,-3.5758765,-1.8382969,3.5758765,"Homo sapiens lactate dehydrogenase A (LDHA), transcript variant 2, mRNA.///Homo sapiens lactate dehydrogenase A (LDHA), mRNA.///Homo sapiens lactate dehydrogenase A (LDHA), transcript variant 1, mRNA.",3939
LMNB2,5.264452,2.3962834,5.264452,up,8.303311,3.0536869,8.303311,up,5.135346,2.3604615,5.135346,up,-3.520914,-1.81595,3.520914,-3.234689,-1.693627,3.234689,-3.6146073,-1.8538389,3.6146073,"Homo sapiens lamin B2 (LMNB2), mRNA.",84823
MAP3K14,4.6349363,2.2125494,4.6349363,up,4.688015,2.2289772,4.688015,up,6.186375,2.6290944,6.186375,up,3.7013786,1.8880627,3.7013786,3.3918607,1.762077,3.3918607,4.0501394,2.0179715,4.0501394,"Homo sapiens mitogen-activated protein kinase kinase kinase 14 (MAP3K14), mRNA.",9020
MAP4K4,6.176504,2.6267905,6.176504,up,14.017648,3.8091724,14.017648,up,5.3077674,2.4081051,5.3077674,up,3.5501099,1.8278637,3.5501099,3.8949203,1.9615939,3.8949203,4.8081765,2.2654898,4.8081765,"Homo sapiens mitogen-activated protein kinase kinase kinase kinase 4 (MAP4K4), transcript variant 2, mRNA.///Homo sapiens mitogen-activated protein kinase kinase kinase kinase 4 (MAP4K4), transcript variant 3, mRNA.",9448
MARCKSL1,5.430272,2.4410245,5.430272,up,13.692763,3.7753417,13.692763,up,5.21695,2.3832066,5.21695,up,5.7491665,2.5233529,5.7491665,6.0108676,2.5875733,6.0108676,6.2434235,2.6423373,6.2434235,"Homo sapiens MARCKS-like 1 (MARCKSL1), mRNA.",65108
MOBKL2A,3.411252,1.7703013,3.411252,up,4.680401,2.226632,4.680401,up,3.878435,1.9554746,3.878435,up,2.5197198,1.3332634,2.5197198,2.8429441,1.5073857,2.8429441,2.2328637,1.1588951,2.2328637,"Homo sapiens MOB1, Mps One Binder kinase activator-like 2A (yeast) (MOBKL2A), mRNA.",126308
MPP5,3.1185486,1.6408747,3.1185486,up,2.7404587,1.4544173,2.7404587,up,2.8170075,1.4941634,2.8170075,up,3.481777,1.7998238,3.481777,2.7620344,1.4657313,2.7620344,2.8452106,1.5085354,2.8452106,"Homo sapiens membrane protein, palmitoylated 5 (MAGUK p55 subfamily member 5) (MPP5), mRNA.",64398
MRPL14,2.112586,1.0790101,2.112586,up,3.3180816,1.7303494,3.3180816,up,2.6571095,1.4098576,2.6571095,up,2.1027672,1.0722891,2.1027672,2.1781573,1.1231081,2.1781573,2.1519272,1.1056293,2.1519272,"Homo sapiens mitochondrial ribosomal protein L14 (MRPL14), nuclear gene encoding mitochondrial protein, mRNA.",64928
MXD1,19.171844,4.260917,19.171844,up,18.988714,4.2470703,18.988714,up,19.983229,4.320718,19.983229,up,13.119089,3.7135956,13.119089,12.275167,3.6176708,12.275167,11.57454,3.532883,11.57454,"Homo sapiens MAX dimerization protein 1 (MXD1), mRNA.",4084
MYO1G,8.207427,3.03693,8.207427,up,7.262218,2.8604102,7.262218,up,8.275504,3.0488472,8.275504,up,3.5769584,1.8387333,3.5769584,3.3984144,1.7648618,3.3984144,3.483122,1.8003811,3.483122,"Homo sapiens myosin IG (MYO1G), mRNA.",64005
N4BP2L1,13.808353,3.7874694,13.808353,up,19.135588,4.2581863,19.135588,up,13.976569,3.8049383,13.976569,up,2.3235102,1.216306,2.3235102,2.588563,1.3721514,2.588563,3.3988073,1.7650286,3.3988073,"Homo sapiens NEDD4 binding protein 2-like 1 (N4BP2L1), transcript variant 2, mRNA.",90634
NFE2L1,2.2942932,1.1980498,2.2942932,up,2.6108086,1.3844967,2.6108086,up,2.8196626,1.4955225,2.8196626,up,3.8598747,1.948554,3.8598747,3.7024834,1.8884933,3.7024834,3.3588707,1.7479763,3.3588707,"Homo sapiens nuclear factor (erythroid-derived 2)-like 1 (NFE2L1), mRNA.",4779
NFKBIA,8.446041,3.0782752,8.446041,up,8.197457,3.0351765,8.197457,up,7.4976816,2.9064445,7.4976816,up,4.9618998,2.3108926,4.9618998,4.1838827,2.0648425,4.1838827,2.7980204,1.4844065,2.7980204,"Homo sapiens nuclear factor of kappa light polypeptide gene enhancer in B-cells inhibitor, alpha (NFKBIA), mRNA.",4792
NFKBIE,5.9699316,2.5777144,5.9699316,up,4.8680034,2.2833302,4.8680034,up,5.384593,2.4288373,5.384593,up,2.5974555,1.377099,2.5974555,2.2570047,1.1744094,2.2570047,2.7503352,1.4596075,2.7503352,"Homo sapiens nuclear factor of kappa light polypeptide gene enhancer in B-cells inhibitor, epsilon (NFKBIE), mRNA.",4794
NR4A3,2.642862,1.4021012,2.642862,up,3.5322526,1.8205885,3.5322526,up,2.936579,1.5541364,2.936579,up,2.5573123,1.3546283,2.5573123,2.5450757,1.3477086,2.5450757,2.0144103,1.0103576,2.0144103,"Homo sapiens nuclear receptor subfamily 4, group A, member 3 (NR4A3), transcript variant 1, mRNA.///Homo sapiens nuclear receptor subfamily 4, group A, member 3 (NR4A3), transcript variant 2, mRNA.///Homo sapiens nuclear receptor subfamily 4, group A, member 3 (NR4A3), transcript variant 4, mRNA.///Homo sapiens nuclear receptor subfamily 4, group A, member 3 (NR4A3), transcript variant 3, mRNA.",8013
NUCB2,3.366996,1.751462,3.366996,up,2.0200605,1.0143986,2.0200605,up,5.6494083,2.4980998,5.6494083,up,-4.218015,-2.0765643,4.218015,-2.9962432,-1.5831548,2.9962432,-3.5502813,-1.8279333,3.5502813,"Homo sapiens nucleobindin 2 (NUCB2), mRNA.",4925
OBFC2A,12.528874,3.6471848,12.528874,up,13.093282,3.7107549,13.093282,up,10.398194,3.378261,10.398194,up,3.8242693,1.9351841,3.8242693,4.2284446,2.080127,4.2284446,4.59196,2.19911,4.59196,"Homo sapiens oligonucleotide/oligosaccharide-binding fold containing 2A (OBFC2A), mRNA.",64859
P2RY5,25.385515,4.6659336,25.385515,up,35.6824,5.1571407,35.6824,up,30.238586,4.9183187,30.238586,up,-3.0933228,-1.6291574,3.0933228,-4.902344,-2.2934718,4.902344,-2.836154,-1.5039358,2.836154,"Homo sapiens purinergic receptor P2Y, G-protein coupled, 5 (P2RY5), mRNA.",10161
PAPSS2,25.048424,4.646648,25.048424,up,3.075717,1.6209228,3.075717,up,18.909399,4.2410316,18.909399,up,11.657318,3.543164,11.657318,13.441797,3.7486541,13.441797,13.481331,3.752891,13.481331,"Homo sapiens 3'-phosphoadenosine 5'-phosphosulfate synthase 2 (PAPSS2), transcript variant 1, mRNA.",9060
PDE4A,4.779893,2.2569783,4.779893,up,5.2834992,2.4014938,5.2834992,up,5.0252404,2.3291926,5.0252404,up,2.7741704,1.4720564,2.7741704,2.3936892,1.2592359,2.3936892,2.2847652,1.1920459,2.2847652,"Homo sapiens phosphodiesterase 4A, cAMP-specific (phosphodiesterase E2 dunce homolog, Drosophila) (PDE4A), mRNA.",5141
PDE4B,4.362987,2.1253161,4.362987,up,3.7886379,1.9216793,3.7886379,up,3.4948006,1.8052101,3.4948006,up,2.4243073,1.2775726,2.4243073,2.554691,1.3531488,2.554691,2.3697844,1.2447557,2.3697844,"Homo sapiens phosphodiesterase 4B, cAMP-specific (phosphodiesterase E4 dunce homolog, Drosophila) (PDE4B), transcript variant a, mRNA.///Homo sapiens phosphodiesterase 4B, cAMP-specific (phosphodiesterase E4 dunce homolog, Drosophila) (PDE4B), transcript variant c, mRNA.///Homo sapiens phosphodiesterase 4B, cAMP-specific (phosphodiesterase E4 dunce homolog, Drosophila) (PDE4B), transcript variant d, mRNA.",5142
PELI1,6.958507,2.7987778,6.958507,up,17.839266,4.1569843,17.839266,up,9.8359375,3.2980626,9.8359375,up,2.0651393,1.0462391,2.0651393,2.271925,1.1839151,2.271925,2.4470823,1.2910626,2.4470823,"Homo sapiens pellino homolog 1 (Drosophila) (PELI1), mRNA.",57162
PFKFB3,15.530998,3.9570787,15.530998,up,16.783333,4.0689573,16.783333,up,15.577764,3.9614162,15.577764,up,3.7564795,1.9093813,3.7564795,3.0814734,1.6236203,3.0814734,4.7909994,2.2603266,4.7909994,"Homo sapiens 6-phosphofructo-2-kinase/fructose-2,6-biphosphatase 3 (PFKFB3), mRNA.",5209
RAB21,5.035068,2.3320112,5.035068,up,6.6283064,2.7286403,6.6283064,up,4.8284564,2.271562,4.8284564,up,3.9180865,1.9701493,3.9180865,3.5477138,1.8268896,3.5477138,3.4385164,1.7817862,3.4385164,"Homo sapiens RAB21, member RAS oncogene family (RAB21), mRNA.",23011
RAB9A,9.339873,3.223403,9.339873,up,13.764322,3.7828617,13.764322,up,11.404988,3.511593,11.404988,up,3.7129567,1.8925685,3.7129567,3.2501678,1.7005142,3.2501678,3.835361,1.9393624,3.835361,"Homo sapiens RAB9A, member RAS oncogene family (RAB9A), mRNA.",9367
RAP2A,3.8662217,1.9509244,3.8662217,up,3.9664354,1.987843,3.9664354,up,3.3212397,1.7317219,3.3212397,up,4.0428247,2.0153637,4.0428247,3.6553519,1.8700103,3.6553519,3.0489821,1.6083277,3.0489821,"Homo sapiens RAP2A, member of RAS oncogene family (RAP2A), mRNA.",5911
REL,2.8517652,1.5118551,2.8517652,up,3.3897514,1.7611794,3.3897514,up,4.1195354,2.0424817,4.1195354,up,4.232093,2.0813713,4.232093,3.5989525,1.8475771,3.5989525,3.692161,1.8844655,3.692161,"Homo sapiens v-rel reticuloendotheliosis viral oncogene homolog (avian) (REL), mRNA.",5966
RELB,2.7574842,1.4633527,2.7574842,up,6.620317,2.7269003,6.620317,up,3.4219651,1.7748251,3.4219651,up,8.511782,3.089461,8.511782,8.182725,3.0325813,8.182725,6.923954,2.7915962,6.923954,"Homo sapiens v-rel reticuloendotheliosis viral oncogene homolog B (RELB), mRNA.",5971
RFTN1,2.5954773,1.3759999,2.5954773,up,2.5987957,1.3778431,2.5987957,up,2.402637,1.2646186,2.402637,up,5.6259384,2.4920938,5.6259384,5.0175705,2.326989,5.0175705,5.3204546,2.4115496,5.3204546,"Homo sapiens raftlin, lipid raft linker 1 (RFTN1), mRNA.",23180
RGS1,42.046722,5.3939214,42.046722,up,72.25533,6.175032,72.25533,up,52.676258,5.719081,52.676258,up,3.0902627,1.6277294,3.0902627,2.854066,1.5130186,2.854066,3.0199728,1.5945356,3.0199728,"Homo sapiens regulator of G-protein signaling 1 (RGS1), mRNA.",5996
SAMSN1,23.65668,4.5641756,23.65668,up,9.667709,3.273174,9.667709,up,21.912844,4.453705,21.912844,up,17.088135,4.094923,17.088135,15.82373,3.9840178,15.82373,13.698655,3.7759624,13.698655,"Homo sapiens SAM domain, SH3 domain and nuclear localization signals 1 (SAMSN1), mRNA.",64092
SDC4,5.172843,2.3709574,5.172843,up,2.889279,1.5307095,2.889279,up,4.947134,2.306593,4.947134,up,8.63241,3.1097634,8.63241,5.853607,2.549326,5.853607,2.6182396,1.3885971,2.6182396,"Homo sapiens syndecan 4 (SDC4), mRNA.",6385
SLAMF1,75.379395,6.2360983,75.379395,up,68.78218,6.103963,68.78218,up,84.620316,6.402932,84.620316,up,2.3555388,1.2360572,2.3555388,2.1370163,1.095598,2.1370163,2.7471344,1.4579275,2.7471344,"Homo sapiens signaling lymphocytic activation molecule family member 1 (SLAMF1), mRNA.",6504
SLC2A6,4.1436944,2.0509176,4.1436944,up,3.6589205,1.8714181,3.6589205,up,4.618394,2.2073913,4.618394,up,7.034758,2.8145008,7.034758,7.524966,2.911685,7.524966,7.791705,2.961939,7.791705,"Homo sapiens solute carrier family 2 (facilitated glucose transporter), member 6 (SLC2A6), mRNA.",11182
SLC41A2,3.2628896,1.7061502,3.2628896,up,3.7868047,1.920981,3.7868047,up,4.539441,2.1825147,4.539441,up,2.5842545,1.3697481,2.5842545,3.59488,1.8459437,3.59488,3.0237489,1.5963383,3.0237489,"Homo sapiens solute carrier family 41, member 2 (SLC41A2), mRNA.",84102
SLC44A1,7.567589,2.9198337,7.567589,up,3.4459417,1.7848983,3.4459417,up,5.4560556,2.4478583,5.4560556,up,2.0881202,1.0622047,2.0881202,3.0394592,1.6038147,3.0394592,3.7717032,1.9152162,3.7717032,"Homo sapiens solute carrier family 44, member 1 (SLC44A1), mRNA.",23446
SNN,3.1630135,1.6612997,3.1630135,up,6.4629264,2.6921875,6.4629264,up,3.9344442,1.9761598,3.9344442,up,9.106597,3.186912,9.106597,11.448854,3.5171313,11.448854,12.925812,3.692183,12.925812,"Homo sapiens stannin (SNN), mRNA.",8303
SOCS2,41.634396,5.379704,41.634396,up,46.871426,5.550637,46.871426,up,32.49849,5.0223007,32.49849,up,51.313206,5.681258,51.313206,41.712727,5.382416,41.712727,36.386715,5.18534,36.386715,"Homo sapiens suppressor of cytokine signaling 2 (SOCS2), mRNA.",8835
SQSTM1,4.117987,2.0419393,4.117987,up,3.6627452,1.8729254,3.6627452,up,4.227706,2.079875,4.227706,up,3.264258,1.706755,3.264258,4.275507,2.0960956,4.275507,4.78267,2.2578163,4.78267,"Homo sapiens sequestosome 1 (SQSTM1), mRNA.",8878
STAT4,20.383993,4.3493648,20.383993,up,12.765702,3.674201,12.765702,up,17.670319,4.143256,17.670319,up,3.571984,1.8367256,3.571984,4.923605,2.299715,4.923605,4.3658476,2.1262617,4.3658476,"Homo sapiens signal transducer and activator of transcription 4 (STAT4), mRNA.",6775
STAT5A,3.5783966,1.8393133,3.5783966,up,6.0835905,2.604923,6.0835905,up,4.572711,2.1930497,4.572711,up,3.4974127,1.806288,3.4974127,3.227953,1.6906196,3.227953,3.144472,1.6528177,3.144472,"Homo sapiens signal transducer and activator of transcription 5A (STAT5A), mRNA.",6776
SWAP70,11.729611,3.5520833,11.729611,up,14.409127,3.848911,14.409127,up,10.129113,3.340436,10.129113,up,4.5468497,2.1848674,4.5468497,4.477601,2.162726,4.477601,5.5240617,2.4657295,5.5240617,"Homo sapiens SWAP switching B-cell complex 70kDa subunit (SWAP70), mRNA.",23075
TBC1D4,11.498271,3.523345,11.498271,up,48.074158,5.5871897,48.074158,up,11.250142,3.4918714,11.250142,up,9.165758,3.1962543,9.165758,5.6439996,2.496718,5.6439996,5.913212,2.563942,5.913212,"Homo sapiens TBC1 domain family, member 4 (TBC1D4), mRNA.",9882
TMCC3,3.2864585,1.7165338,3.2864585,up,3.515776,1.8138431,3.515776,up,2.5803072,1.3675429,2.5803072,up,3.22723,1.6902964,3.22723,3.1606603,1.660226,3.1606603,2.7529817,1.460995,2.7529817,"Homo sapiens transmembrane and coiled-coil domain family 3 (TMCC3), mRNA.",57458
TMEM39A,4.94784,2.306799,4.94784,up,11.778567,3.558092,11.778567,up,6.483574,2.6967893,6.483574,up,2.8371248,1.5044296,2.8371248,2.5486786,1.3497494,2.5486786,3.5291858,1.8193353,3.5291858,"Homo sapiens transmembrane protein 39A (TMEM39A), mRNA.",55254
TNFAIP3,20.719786,4.372937,20.719786,up,14.431089,3.8511083,14.431089,up,16.170834,4.015322,16.170834,up,2.944438,1.5579923,2.944438,2.6546366,1.4085144,2.6546366,2.3482103,1.2315617,2.3482103,"Homo sapiens tumor necrosis factor, alpha-induced protein 3 (TNFAIP3), mRNA.",7128
TNFRSF1B,41.909946,5.3892207,41.909946,up,14.692288,3.8769872,14.692288,up,38.569363,5.2693834,38.569363,up,3.4283397,1.77751,3.4283397,3.0145729,1.5919536,3.0145729,2.4803214,1.3105271,2.4803214,"Homo sapiens tumor necrosis factor receptor superfamily, member 1B (TNFRSF1B), mRNA.",7133
TNFRSF4,19.719862,4.3015776,19.719862,up,16.265795,4.0237694,16.265795,up,25.25315,4.6583915,25.25315,up,5.982782,2.5808165,5.982782,10.790651,3.43171,10.790651,11.232201,3.4895687,11.232201,"Homo sapiens tumor necrosis factor receptor superfamily, member 4 (TNFRSF4), mRNA.",7293
TNFRSF9,14.809374,3.8884387,14.809374,up,8.586757,3.1021132,8.586757,up,15.26348,3.932012,15.26348,up,2.7685847,1.4691486,2.7685847,3.5720022,1.836733,3.5720022,2.5972748,1.3769987,2.5972748,"Homo sapiens tumor necrosis factor receptor superfamily, member 9 (TNFRSF9), mRNA.",3604
TNIP1,13.482521,3.7530184,13.482521,up,10.532782,3.3968146,10.532782,up,11.896598,3.572477,11.896598,up,2.0289245,1.0207152,2.0289245,2.6955056,1.4305559,2.6955056,2.5599334,1.3561063,2.5599334,"Homo sapiens TNFAIP3 interacting protein 1 (TNIP1), mRNA.",10318
TP53INP2,2.0535953,1.0381519,2.0535953,up,2.4468167,1.2909061,2.4468167,up,2.979278,1.5749627,2.979278,up,4.624328,2.2092438,4.624328,3.52899,1.8192554,3.52899,3.1148503,1.6391628,3.1148503,"Homo sapiens tumor protein p53 inducible nuclear protein 2 (TP53INP2), mRNA.",58476
TRAF1,8.705189,3.1218755,8.705189,up,13.945899,3.801769,13.945899,up,10.53755,3.3974676,10.53755,up,3.6631489,1.8730843,3.6631489,3.8479524,1.944091,3.8479524,4.657966,2.2197,4.657966,"Homo sapiens TNF receptor-associated factor 1 (TRAF1), mRNA.",7185
TRAF3,3.6028714,1.8491472,3.6028714,up,3.8043654,1.9276558,3.8043654,up,3.3194332,1.7309369,3.3194332,up,2.5273163,1.3376062,2.5273163,2.4194603,1.2746853,2.4194603,2.8171363,1.4942293,2.8171363,"Homo sapiens TNF receptor-associated factor 3 (TRAF3), transcript variant 3, mRNA.",7187
TTYH2,8.169704,3.030284,8.169704,up,10.98309,3.4572122,10.98309,up,10.08891,3.3346984,10.08891,up,2.2829025,1.1908692,2.2829025,2.4411848,1.2875814,2.4411848,2.688104,1.4265889,2.688104,"Homo sapiens tweety homolog 2 (Drosophila) (TTYH2), transcript variant 1, mRNA.///Homo sapiens tweety homolog 2 (Drosophila) (TTYH2), transcript variant 2, mRNA.",94015
TUBB2B,27.775152,4.795723,27.775152,up,35.429478,5.1468782,35.429478,up,41.437325,5.372859,41.437325,up,2.0914268,1.0644875,2.0914268,3.0524673,1.6099758,3.0524673,4.0944557,2.0336716,4.0944557,"Homo sapiens tubulin, beta 2B (TUBB2B), mRNA.",347733
UAP1,3.9772334,1.9917653,3.9772334,up,6.223667,2.637765,6.223667,up,4.2967076,2.1032317,4.2967076,up,4.776271,2.2558846,4.776271,5.7473307,2.522892,5.7473307,4.00304,2.001096,4.00304,"Homo sapiens UDP-N-acteylglucosamine pyrophosphorylase 1 (UAP1), mRNA.",6675
ZMYND15,2.2282405,1.1559049,2.2282405,up,3.5065587,1.8100559,3.5065587,up,2.5249975,1.3362819,2.5249975,up,6.0277276,2.5916142,6.0277276,4.249655,2.0873456,4.249655,6.7868924,2.762751,6.7868924,"Homo sapiens zinc finger, MYND-type containing 15 (ZMYND15), transcript variant 2, mRNA.",84225